student_id,quiz_id,quiz_date,quiz_score,quiz_duration_minutes,quiz_topic,student_grade_level
1,1,3/16/2022,53.88,38,English,9th grade
2,2,12/25/2022,61.61,57,History,11th grade
3,3,1/21/2022,56.18,49,Math,10th grade
4,4,10/13/2022,47.58,9,English,12th grade
5,5,4/8/2022,52.74,7,Math,9th grade
6,6,8/29/2022,59.35,56,English,12th grade
7,7,4/18/2022,49.43,41,History,12th grade
8,8,5/27/2022,28.37,14,Science,10th grade
9,9,10/20/2022,11.49,13,English,9th grade
10,10,11/10/2022,18.64,25,Math,9th grade
11,11,6/16/2022,89.25,47,History,9th grade
12,12,4/15/2022,25.52,57,English,9th grade
13,13,12/10/2022,22.58,2,History,11th grade
14,14,6/19/2022,79.52,27,History,9th grade
15,15,7/16/2022,0.33,53,Math,9th grade
16,16,12/1/2022,78.99,25,English,12th grade
17,17,6/23/2022,94.11,57,History,10th grade
18,18,12/9/2022,96.34,5,Math,10th grade
19,19,10/6/2022,93.0,59,English,9th grade
20,20,9/28/2022,26.38,59,English,12th grade
21,21,8/26/2022,51.82,28,English,10th grade
22,22,6/7/2022,6.79,34,English,11th grade
23,23,1/7/2022,63.55,13,Science,9th grade
24,24,5/14/2022,57.35,34,History,9th grade
25,25,4/17/2022,0.13,51,English,11th grade
26,26,7/30/2022,83.21,52,English,12th grade
27,27,8/14/2022,1.67,35,History,12th grade
28,28,10/20/2022,12.12,30,English,11th grade
29,29,10/6/2022,53.55,14,English,9th grade
30,30,3/15/2022,8.96,19,Science,9th grade
31,31,3/4/2022,18.54,25,Math,10th grade
32,32,4/1/2022,41.76,9,Math,12th grade
33,33,9/17/2022,75.06,25,Science,11th grade
34,34,10/6/2022,76.93,35,Math,10th grade
35,35,5/14/2022,98.27,20,Science,11th grade
36,36,9/10/2022,98.84,59,Science,11th grade
37,37,3/15/2022,43.97,51,Science,11th grade
38,38,5/12/2022,95.04,42,English,10th grade
39,39,3/11/2022,18.19,10,English,11th grade
40,40,3/22/2022,75.95,35,Math,12th grade
41,41,12/28/2022,54.1,19,History,12th grade
42,42,7/15/2022,19.3,48,Science,11th grade
43,43,6/26/2022,85.96,39,English,12th grade
44,44,6/12/2022,1.03,55,Math,11th grade
45,45,2/7/2022,6.18,35,History,9th grade
46,46,3/18/2022,60.45,2,History,9th grade
47,47,3/25/2022,28.51,21,Math,9th grade
48,48,2/27/2022,80.44,52,Science,11th grade
49,49,10/19/2022,5.57,46,Math,9th grade
50,50,2/5/2022,65.56,39,Science,10th grade
51,51,7/3/2022,56.94,34,English,12th grade
52,52,5/28/2022,63.33,10,History,9th grade
53,53,3/15/2022,84.73,37,Science,12th grade
54,54,7/5/2022,38.9,36,English,12th grade
55,55,5/18/2022,1.12,48,History,10th grade
56,56,5/20/2022,57.67,38,History,10th grade
57,57,8/11/2022,52.34,23,Science,12th grade
58,58,2/10/2022,4.85,48,Math,12th grade
59,59,10/23/2022,95.28,8,Math,10th grade
60,60,8/17/2022,51.02,57,History,12th grade
61,61,7/25/2022,84.76,5,History,12th grade
62,62,10/18/2022,30.7,29,Math,11th grade
63,63,8/26/2022,67.74,26,Math,9th grade
64,64,10/13/2022,38.07,21,History,9th grade
65,65,1/9/2022,57.38,23,English,9th grade
66,66,6/25/2022,44.96,11,History,10th grade
67,67,7/25/2022,37.62,22,History,10th grade
68,68,4/11/2022,79.94,32,Math,9th grade
69,69,6/15/2022,32.74,21,History,10th grade
70,70,10/27/2022,85.25,41,English,11th grade
71,71,12/17/2022,26.49,4,History,9th grade
72,72,8/13/2022,68.36,56,Math,12th grade
73,73,12/2/2022,65.1,35,Math,12th grade
74,74,1/2/2022,43.29,39,Science,12th grade
75,75,8/5/2022,15.33,41,English,11th grade
76,76,2/21/2022,11.27,48,Science,12th grade
77,77,2/3/2022,77.57,50,History,10th grade
78,78,2/17/2022,44.23,46,Math,12th grade
79,79,3/2/2022,1.06,54,Math,9th grade
80,80,3/13/2022,60.41,42,English,11th grade
81,81,9/8/2022,59.48,14,Science,12th grade
82,82,10/31/2022,99.74,6,Science,12th grade
83,83,9/22/2022,30.19,16,English,11th grade
84,84,11/22/2022,28.51,18,Science,10th grade
85,85,6/19/2022,85.24,32,Math,11th grade
86,86,12/27/2022,96.32,10,Science,12th grade
87,87,12/9/2022,26.93,21,Science,9th grade
88,88,8/6/2022,27.15,11,Math,11th grade
89,89,12/15/2022,43.07,34,English,10th grade
90,90,8/3/2022,87.37,43,Math,9th grade
91,91,3/9/2022,41.89,18,History,12th grade
92,92,2/26/2022,25.24,58,Math,9th grade
93,93,1/13/2022,32.63,43,Math,11th grade
94,94,8/31/2022,65.62,50,History,9th grade
95,95,11/19/2022,27.21,59,Science,10th grade
96,96,3/1/2022,0.42,56,Science,11th grade
97,97,9/14/2022,96.85,60,Science,11th grade
98,98,6/13/2022,30.07,9,History,10th grade
99,99,8/24/2022,17.33,48,Math,10th grade
100,100,6/21/2022,7.75,50,Math,9th grade
101,101,9/20/2022,28.23,59,History,12th grade
102,102,12/27/2022,53.11,19,Science,10th grade
103,103,8/7/2022,49.52,39,Science,9th grade
104,104,3/12/2022,54.83,3,English,12th grade
105,105,12/15/2022,14.15,52,English,10th grade
106,106,1/12/2022,73.05,52,Science,10th grade
107,107,2/14/2022,12.14,51,Science,11th grade
108,108,8/19/2022,93.27,41,English,9th grade
109,109,7/26/2022,9.1,18,Math,9th grade
110,110,5/3/2022,15.96,9,History,9th grade
111,111,10/8/2022,24.63,9,Math,10th grade
112,112,4/21/2022,90.1,45,Science,9th grade
113,113,5/29/2022,68.51,58,English,11th grade
114,114,2/16/2022,52.29,22,Math,11th grade
115,115,6/20/2022,22.93,40,Math,11th grade
116,116,9/13/2022,0.6,44,Science,9th grade
117,117,10/10/2022,10.82,31,Math,11th grade
118,118,4/20/2022,78.03,56,History,11th grade
119,119,11/7/2022,64.47,51,English,10th grade
120,120,5/7/2022,6.45,16,English,11th grade
121,121,10/3/2022,45.83,30,English,9th grade
122,122,7/8/2022,43.06,6,Math,10th grade
123,123,11/24/2022,95.23,23,English,12th grade
124,124,7/2/2022,16.77,49,Math,12th grade
125,125,2/21/2022,40.81,2,Science,11th grade
126,126,10/16/2022,75.27,7,History,10th grade
127,127,11/13/2022,5.65,9,History,10th grade
128,128,9/10/2022,0.05,24,English,9th grade
129,129,6/20/2022,68.66,17,Math,10th grade
130,130,8/30/2022,66.1,33,Math,12th grade
131,131,1/18/2022,0.44,9,History,11th grade
132,132,12/21/2022,77.14,17,Science,11th grade
133,133,7/27/2022,60.37,54,Math,12th grade
134,134,10/26/2022,72.11,54,History,10th grade
135,135,11/29/2022,43.58,53,English,10th grade
136,136,8/1/2022,84.72,18,English,9th grade
137,137,3/20/2022,63.66,20,Science,12th grade
138,138,4/25/2022,24.52,16,Math,9th grade
139,139,8/3/2022,8.66,53,English,11th grade
140,140,10/14/2022,35.91,39,History,9th grade
141,141,1/11/2022,43.08,3,Math,11th grade
142,142,12/14/2022,62.2,6,English,10th grade
143,143,12/12/2022,96.42,11,Science,12th grade
144,144,12/2/2022,51.9,23,Math,11th grade
145,145,6/4/2022,1.12,27,History,12th grade
146,146,4/17/2022,8.77,27,History,10th grade
147,147,11/7/2022,68.31,42,Science,12th grade
148,148,8/6/2022,58.33,32,Science,9th grade
149,149,6/17/2022,10.42,19,History,11th grade
150,150,6/9/2022,76.75,58,Science,10th grade
151,151,9/7/2022,77.86,41,Math,10th grade
152,152,2/25/2022,87.07,12,History,12th grade
153,153,4/22/2022,5.85,7,Math,9th grade
154,154,11/1/2022,88.18,41,Math,11th grade
155,155,7/13/2022,13.69,9,Science,12th grade
156,156,5/30/2022,75.29,11,Math,12th grade
157,157,10/26/2022,47.2,15,Math,10th grade
158,158,7/13/2022,66.41,24,Science,11th grade
159,159,4/6/2022,65.02,15,English,11th grade
160,160,1/14/2022,88.19,2,Science,10th grade
161,161,11/15/2022,69.04,19,Science,11th grade
162,162,6/20/2022,93.79,32,History,11th grade
163,163,1/2/2022,6.69,12,History,12th grade
164,164,8/1/2022,49.63,31,Science,12th grade
165,165,12/9/2022,62.53,23,Math,11th grade
166,166,1/16/2022,24.12,22,Math,9th grade
167,167,1/11/2022,21.85,34,English,12th grade
168,168,6/16/2022,82.66,50,History,11th grade
169,169,6/17/2022,5.62,53,Science,9th grade
170,170,5/6/2022,76.77,27,Math,11th grade
171,171,10/6/2022,50.24,35,History,12th grade
172,172,5/8/2022,4.66,6,History,9th grade
173,173,11/3/2022,53.82,51,Math,9th grade
174,174,4/8/2022,82.84,26,Science,11th grade
175,175,6/27/2022,52.59,23,Math,10th grade
176,176,1/7/2022,66.58,24,English,9th grade
177,177,12/30/2022,38.41,27,Science,11th grade
178,178,5/19/2022,10.03,38,Math,11th grade
179,179,9/3/2022,73.59,35,History,10th grade
180,180,6/6/2022,98.79,27,English,10th grade
181,181,3/22/2022,24.84,46,English,12th grade
182,182,12/13/2022,75.91,22,Math,12th grade
183,183,6/16/2022,89.26,5,English,11th grade
184,184,1/30/2022,30.8,20,English,9th grade
185,185,4/18/2022,34.17,17,Math,11th grade
186,186,3/10/2022,40.15,30,Math,9th grade
187,187,7/30/2022,25.96,14,Math,10th grade
188,188,8/20/2022,34.5,40,History,10th grade
189,189,4/9/2022,40.09,26,English,9th grade
190,190,5/29/2022,18.96,19,English,9th grade
191,191,12/9/2022,96.53,34,History,9th grade
192,192,1/10/2022,44.12,52,Science,10th grade
193,193,5/15/2022,29.03,56,English,9th grade
194,194,10/8/2022,15.2,47,History,12th grade
195,195,9/23/2022,38.03,5,Science,12th grade
196,196,5/23/2022,69.65,14,Science,10th grade
197,197,4/15/2022,56.1,7,Math,10th grade
198,198,6/2/2022,23.94,18,Math,12th grade
199,199,6/27/2022,55.3,53,Science,10th grade
200,200,3/5/2022,71.55,17,History,12th grade
201,201,4/3/2022,26.76,36,History,12th grade
202,202,1/17/2022,36.43,60,English,9th grade
203,203,10/24/2022,74.28,58,Science,9th grade
204,204,9/17/2022,29.64,34,Science,12th grade
205,205,2/13/2022,35.42,23,Science,12th grade
206,206,4/19/2022,71.57,41,English,9th grade
207,207,1/26/2022,52.76,6,Science,9th grade
208,208,5/30/2022,5.22,58,Science,9th grade
209,209,8/18/2022,36.62,55,English,9th grade
210,210,7/10/2022,37.17,47,English,9th grade
211,211,8/30/2022,21.02,37,Math,11th grade
212,212,9/22/2022,57.64,2,History,12th grade
213,213,2/25/2022,0.36,32,English,12th grade
214,214,12/22/2022,49.33,41,History,9th grade
215,215,2/22/2022,53.12,49,Math,10th grade
216,216,5/23/2022,13.05,2,Math,11th grade
217,217,8/2/2022,73.07,55,Science,10th grade
218,218,7/16/2022,59.58,26,English,11th grade
219,219,9/28/2022,85.23,53,History,9th grade
220,220,10/27/2022,78.2,27,Science,12th grade
221,221,4/24/2022,37.57,31,History,9th grade
222,222,2/7/2022,26.84,54,History,10th grade
223,223,7/24/2022,7.2,18,Science,10th grade
224,224,8/18/2022,19.01,42,History,9th grade
225,225,1/18/2022,7.17,13,Math,10th grade
226,226,3/6/2022,53.61,3,English,11th grade
227,227,5/28/2022,98.26,9,Science,12th grade
228,228,9/27/2022,3.61,42,History,11th grade
229,229,11/28/2022,96.91,34,Math,10th grade
230,230,3/19/2022,6.1,5,History,11th grade
231,231,11/8/2022,41.54,17,English,11th grade
232,232,2/2/2022,43.54,37,English,9th grade
233,233,9/3/2022,11.7,54,Math,11th grade
234,234,12/8/2022,37.1,50,English,11th grade
235,235,3/29/2022,74.92,52,Science,9th grade
236,236,9/8/2022,41.07,19,History,10th grade
237,237,12/19/2022,76.95,8,Science,11th grade
238,238,8/19/2022,74.54,29,English,12th grade
239,239,2/14/2022,81.27,44,English,9th grade
240,240,12/18/2022,10.67,8,English,12th grade
241,241,6/27/2022,38.26,59,Math,9th grade
242,242,8/11/2022,6.64,14,History,11th grade
243,243,12/14/2022,16.69,1,History,9th grade
244,244,4/28/2022,32.38,1,English,12th grade
245,245,11/11/2022,7.95,34,History,11th grade
246,246,3/9/2022,57.62,35,History,11th grade
247,247,9/7/2022,94.05,23,History,12th grade
248,248,9/25/2022,85.72,55,Science,9th grade
249,249,5/6/2022,82.89,50,Science,9th grade
250,250,11/18/2022,21.14,52,History,11th grade
251,251,3/21/2022,54.43,59,Science,10th grade
252,252,11/10/2022,5.21,18,History,10th grade
253,253,9/30/2022,82.32,49,English,10th grade
254,254,11/19/2022,70.85,16,History,11th grade
255,255,7/15/2022,37.85,13,Science,10th grade
256,256,10/11/2022,20.83,4,English,10th grade
257,257,6/24/2022,89.31,52,English,11th grade
258,258,6/11/2022,94.97,9,Science,10th grade
259,259,2/5/2022,1.89,5,Math,12th grade
260,260,6/27/2022,26.23,60,English,10th grade
261,261,7/31/2022,98.68,32,History,12th grade
262,262,1/4/2022,46.31,12,Science,10th grade
263,263,12/21/2022,55.15,15,Math,12th grade
264,264,11/16/2022,26.45,1,English,11th grade
265,265,5/7/2022,69.17,25,Math,12th grade
266,266,2/22/2022,0.89,54,History,11th grade
267,267,3/5/2022,65.3,46,Science,12th grade
268,268,1/24/2022,80.88,34,Math,12th grade
269,269,8/11/2022,81.85,47,Science,10th grade
270,270,1/2/2022,21.64,5,Math,10th grade
271,271,12/12/2022,23.26,46,History,12th grade
272,272,1/5/2022,75.05,4,English,9th grade
273,273,10/28/2022,68.11,42,Math,12th grade
274,274,5/24/2022,26.05,31,English,12th grade
275,275,8/3/2022,48.65,40,English,9th grade
276,276,3/1/2022,80.7,32,Math,10th grade
277,277,8/13/2022,97.14,30,History,9th grade
278,278,7/5/2022,33.05,32,English,12th grade
279,279,4/14/2022,6.93,4,Math,10th grade
280,280,1/25/2022,92.45,25,History,11th grade
281,281,2/25/2022,2.11,33,English,9th grade
282,282,7/18/2022,86.34,6,English,12th grade
283,283,11/7/2022,15.9,29,English,11th grade
284,284,9/26/2022,7.58,46,History,9th grade
285,285,5/29/2022,51.92,15,History,10th grade
286,286,10/1/2022,84.59,52,English,12th grade
287,287,10/24/2022,37.65,52,History,10th grade
288,288,7/9/2022,61.31,52,Math,12th grade
289,289,3/8/2022,1.06,2,History,12th grade
290,290,4/28/2022,68.05,41,Math,11th grade
291,291,4/2/2022,18.44,34,Math,11th grade
292,292,2/24/2022,98.01,20,Science,12th grade
293,293,1/24/2022,27.88,24,Science,11th grade
294,294,8/16/2022,55.06,22,English,9th grade
295,295,3/4/2022,77.27,15,English,12th grade
296,296,3/5/2022,14.88,27,History,9th grade
297,297,5/20/2022,34.3,14,History,9th grade
298,298,8/21/2022,70.49,21,History,12th grade
299,299,2/2/2022,48.65,36,History,9th grade
300,300,3/15/2022,57.86,12,English,12th grade
301,301,11/29/2022,94.43,13,History,9th grade
302,302,6/11/2022,7.91,33,English,10th grade
303,303,11/23/2022,62.26,55,English,12th grade
304,304,5/15/2022,30.05,41,History,11th grade
305,305,8/9/2022,90.22,7,Math,9th grade
306,306,2/26/2022,34.05,15,Science,9th grade
307,307,4/8/2022,83.96,21,Science,9th grade
308,308,9/19/2022,2.52,11,English,9th grade
309,309,1/31/2022,21.55,42,History,11th grade
310,310,2/8/2022,59.27,53,English,11th grade
311,311,4/9/2022,17.5,19,English,10th grade
312,312,12/29/2022,74.67,47,English,9th grade
313,313,7/10/2022,37.22,40,History,9th grade
314,314,3/8/2022,68.94,34,Science,11th grade
315,315,4/20/2022,88.73,29,English,10th grade
316,316,5/6/2022,34.56,34,Math,11th grade
317,317,6/20/2022,24.37,39,Math,11th grade
318,318,11/29/2022,48.73,22,History,11th grade
319,319,3/29/2022,12.5,59,History,9th grade
320,320,1/7/2022,85.5,2,English,9th grade
321,321,5/8/2022,80.45,31,Math,9th grade
322,322,10/10/2022,86.56,34,English,11th grade
323,323,4/15/2022,60.37,46,Math,11th grade
324,324,6/30/2022,31.38,36,Math,12th grade
325,325,10/27/2022,65.43,54,Science,10th grade
326,326,4/30/2022,90.73,28,History,9th grade
327,327,12/18/2022,80.1,28,Math,10th grade
328,328,8/21/2022,65.4,10,Science,12th grade
329,329,10/29/2022,77.0,2,Science,10th grade
330,330,6/1/2022,83.35,51,Math,9th grade
331,331,7/23/2022,63.11,3,Math,10th grade
332,332,1/1/2022,70.29,24,English,9th grade
333,333,1/4/2022,70.61,11,History,12th grade
334,334,12/11/2022,77.2,58,History,9th grade
335,335,9/20/2022,77.36,34,Math,12th grade
336,336,3/20/2022,5.12,1,History,12th grade
337,337,10/19/2022,40.13,2,Math,11th grade
338,338,10/14/2022,91.09,43,Math,10th grade
339,339,2/9/2022,79.55,55,Math,12th grade
340,340,9/3/2022,81.31,49,English,12th grade
341,341,7/24/2022,7.24,58,History,12th grade
342,342,2/15/2022,87.4,29,English,11th grade
343,343,5/24/2022,80.07,19,English,10th grade
344,344,9/12/2022,78.26,1,Science,10th grade
345,345,3/10/2022,29.85,32,History,11th grade
346,346,2/24/2022,70.84,23,Science,12th grade
347,347,10/15/2022,3.46,25,Math,12th grade
348,348,9/22/2022,23.64,16,English,9th grade
349,349,10/21/2022,97.29,51,Science,12th grade
350,350,10/15/2022,50.56,13,Math,11th grade
351,351,2/5/2022,22.91,53,English,12th grade
352,352,5/18/2022,58.13,42,English,12th grade
353,353,3/21/2022,25.59,33,Science,9th grade
354,354,7/26/2022,6.92,14,History,12th grade
355,355,4/2/2022,32.04,37,English,11th grade
356,356,10/20/2022,67.94,23,History,11th grade
357,357,8/15/2022,63.75,51,Math,10th grade
358,358,5/10/2022,8.29,20,English,9th grade
359,359,3/27/2022,82.14,6,English,12th grade
360,360,1/20/2022,90.12,59,Science,9th grade
361,361,8/11/2022,55.88,53,English,10th grade
362,362,7/5/2022,67.54,41,Math,10th grade
363,363,7/20/2022,94.59,52,History,10th grade
364,364,7/18/2022,23.13,30,English,11th grade
365,365,12/19/2022,19.24,19,Math,10th grade
366,366,11/5/2022,71.36,59,Math,9th grade
367,367,2/8/2022,78.67,46,Math,9th grade
368,368,12/17/2022,58.86,52,History,10th grade
369,369,3/3/2022,69.02,36,English,9th grade
370,370,9/21/2022,49.18,4,Science,9th grade
371,371,2/23/2022,26.36,49,History,12th grade
372,372,6/2/2022,49.05,2,History,9th grade
373,373,2/25/2022,38.19,20,Math,12th grade
374,374,6/7/2022,28.07,28,Math,9th grade
375,375,7/11/2022,11.26,4,Math,12th grade
376,376,5/5/2022,38.95,58,Science,10th grade
377,377,6/22/2022,31.33,31,Math,9th grade
378,378,2/11/2022,32.03,39,English,12th grade
379,379,12/10/2022,36.4,46,English,9th grade
380,380,12/23/2022,90.69,32,Math,10th grade
381,381,3/18/2022,26.7,17,English,10th grade
382,382,12/20/2022,3.46,59,Math,9th grade
383,383,7/12/2022,96.1,53,History,12th grade
384,384,3/23/2022,12.37,36,Math,9th grade
385,385,9/5/2022,61.81,33,History,12th grade
386,386,5/22/2022,14.93,56,History,9th grade
387,387,8/7/2022,87.53,36,English,10th grade
388,388,1/16/2022,59.54,46,Science,11th grade
389,389,7/27/2022,83.02,24,Math,10th grade
390,390,4/1/2022,38.82,15,History,11th grade
391,391,7/6/2022,79.03,25,History,11th grade
392,392,3/7/2022,85.86,49,English,10th grade
393,393,1/25/2022,86.92,48,History,9th grade
394,394,7/20/2022,59.93,52,English,11th grade
395,395,12/6/2022,29.22,60,English,10th grade
396,396,5/13/2022,33.68,13,Math,12th grade
397,397,8/2/2022,78.02,33,Science,11th grade
398,398,2/23/2022,8.96,48,Math,12th grade
399,399,7/2/2022,75.92,49,English,9th grade
400,400,9/3/2022,60.18,25,History,11th grade
401,401,6/16/2022,18.61,41,English,10th grade
402,402,2/5/2022,14.14,49,English,9th grade
403,403,4/15/2022,42.31,18,Math,11th grade
404,404,6/13/2022,64.63,20,English,11th grade
405,405,4/13/2022,29.83,8,History,10th grade
406,406,2/14/2022,68.91,50,Science,10th grade
407,407,4/23/2022,78.65,60,English,12th grade
408,408,3/6/2022,28.27,54,Math,10th grade
409,409,2/15/2022,83.64,53,English,12th grade
410,410,7/17/2022,97.01,41,Science,11th grade
411,411,6/5/2022,49.85,1,English,9th grade
412,412,12/30/2022,23.01,55,English,9th grade
413,413,5/10/2022,40.53,19,History,9th grade
414,414,7/14/2022,95.61,38,Science,9th grade
415,415,7/6/2022,44.48,26,History,9th grade
416,416,10/15/2022,86.89,49,Math,12th grade
417,417,11/15/2022,13.96,32,Math,10th grade
418,418,7/25/2022,5.63,18,Math,12th grade
419,419,12/5/2022,73.44,43,History,9th grade
420,420,9/10/2022,10.84,20,Science,10th grade
421,421,7/13/2022,24.96,51,Science,10th grade
422,422,7/30/2022,44.7,30,English,10th grade
423,423,2/23/2022,81.11,60,Math,12th grade
424,424,5/1/2022,91.03,53,History,10th grade
425,425,11/9/2022,86.84,38,Math,11th grade
426,426,12/15/2022,44.67,60,History,10th grade
427,427,11/5/2022,53.72,20,English,9th grade
428,428,1/11/2022,24.52,52,Math,9th grade
429,429,1/19/2022,42.9,18,Math,12th grade
430,430,7/14/2022,75.69,44,Math,11th grade
431,431,12/10/2022,5.23,13,History,11th grade
432,432,5/22/2022,69.3,18,History,10th grade
433,433,6/28/2022,25.34,12,Math,11th grade
434,434,12/25/2022,79.0,53,Science,11th grade
435,435,5/9/2022,55.25,56,English,12th grade
436,436,6/7/2022,5.19,18,English,12th grade
437,437,10/19/2022,72.42,10,Math,12th grade
438,438,1/21/2022,84.25,36,Math,10th grade
439,439,8/3/2022,98.71,27,History,9th grade
440,440,9/30/2022,53.13,13,History,9th grade
441,441,9/3/2022,71.04,58,English,11th grade
442,442,11/9/2022,68.81,35,English,9th grade
443,443,3/21/2022,99.43,39,Science,11th grade
444,444,4/6/2022,55.39,55,Science,12th grade
445,445,7/30/2022,50.43,28,Science,12th grade
446,446,7/28/2022,17.2,33,Math,12th grade
447,447,6/8/2022,61.31,8,Math,12th grade
448,448,8/6/2022,61.49,7,History,12th grade
449,449,10/24/2022,82.59,3,English,12th grade
450,450,12/1/2022,50.6,11,English,11th grade
451,451,12/5/2022,40.86,46,History,12th grade
452,452,9/28/2022,23.38,3,English,12th grade
453,453,3/13/2022,98.83,18,English,12th grade
454,454,4/5/2022,77.67,4,History,9th grade
455,455,4/28/2022,42.62,55,Science,11th grade
456,456,2/8/2022,98.45,17,Science,9th grade
457,457,11/22/2022,84.78,26,Science,12th grade
458,458,6/25/2022,53.37,1,Science,11th grade
459,459,9/14/2022,48.65,54,Science,10th grade
460,460,8/5/2022,2.17,2,Math,11th grade
461,461,2/8/2022,42.78,3,Science,9th grade
462,462,1/4/2022,67.96,38,Science,9th grade
463,463,9/12/2022,25.79,60,Science,11th grade
464,464,2/9/2022,98.67,28,Math,11th grade
465,465,1/16/2022,54.65,28,History,12th grade
466,466,3/15/2022,7.23,30,Math,12th grade
467,467,1/1/2022,5.1,56,Math,9th grade
468,468,1/29/2022,16.0,49,Science,12th grade
469,469,3/26/2022,64.14,3,English,9th grade
470,470,10/15/2022,6.12,5,English,9th grade
471,471,4/23/2022,80.63,8,Math,12th grade
472,472,8/12/2022,2.67,7,History,11th grade
473,473,11/9/2022,63.27,52,Math,10th grade
474,474,2/26/2022,5.4,35,Science,10th grade
475,475,7/17/2022,38.87,50,Science,12th grade
476,476,7/9/2022,71.55,2,English,9th grade
477,477,1/14/2022,86.39,42,Math,10th grade
478,478,12/6/2022,56.42,25,Science,12th grade
479,479,2/11/2022,19.03,34,History,9th grade
480,480,10/11/2022,6.53,39,Math,11th grade
481,481,10/6/2022,97.11,41,History,9th grade
482,482,5/9/2022,78.51,53,English,9th grade
483,483,5/17/2022,93.24,34,Science,10th grade
484,484,4/28/2022,53.84,17,Science,12th grade
485,485,4/14/2022,70.17,33,Math,9th grade
486,486,2/26/2022,37.48,30,Math,11th grade
487,487,6/6/2022,40.89,44,Science,9th grade
488,488,9/21/2022,68.02,16,Math,10th grade
489,489,10/5/2022,95.41,39,Science,12th grade
490,490,5/25/2022,49.02,43,History,11th grade
491,491,1/21/2022,52.58,31,History,9th grade
492,492,3/10/2022,46.16,56,History,10th grade
493,493,9/18/2022,4.38,26,Math,10th grade
494,494,11/12/2022,29.15,15,Math,12th grade
495,495,8/15/2022,64.16,30,History,10th grade
496,496,3/4/2022,17.35,58,English,11th grade
497,497,6/11/2022,8.96,50,Science,10th grade
498,498,1/18/2022,18.41,58,History,12th grade
499,499,2/23/2022,88.94,12,Math,12th grade
500,500,10/23/2022,63.63,34,Math,10th grade
501,501,7/6/2022,34.84,46,English,10th grade
502,502,2/19/2022,34.06,59,Science,10th grade
503,503,2/26/2022,64.72,42,English,11th grade
504,504,5/17/2022,2.48,36,English,12th grade
505,505,12/5/2022,39.72,37,Math,10th grade
506,506,1/8/2022,81.9,36,Math,10th grade
507,507,10/14/2022,48.43,6,English,10th grade
508,508,7/3/2022,83.57,50,Math,12th grade
509,509,4/8/2022,34.72,40,Science,9th grade
510,510,2/4/2022,96.88,37,Science,10th grade
511,511,10/22/2022,64.38,14,History,10th grade
512,512,2/17/2022,2.96,44,English,9th grade
513,513,1/15/2022,42.47,19,Science,12th grade
514,514,4/19/2022,48.84,22,History,12th grade
515,515,9/18/2022,15.93,60,Science,10th grade
516,516,11/20/2022,30.73,52,Math,12th grade
517,517,1/9/2022,46.51,27,Math,9th grade
518,518,12/29/2022,65.67,29,History,9th grade
519,519,1/29/2022,79.67,1,English,10th grade
520,520,10/31/2022,29.43,44,History,11th grade
521,521,10/3/2022,21.08,38,Math,9th grade
522,522,3/20/2022,30.33,42,English,11th grade
523,523,11/18/2022,48.9,24,Math,12th grade
524,524,10/2/2022,19.63,17,Math,12th grade
525,525,8/7/2022,15.23,7,History,11th grade
526,526,6/21/2022,72.28,25,Math,11th grade
527,527,2/1/2022,51.78,8,Science,10th grade
528,528,1/14/2022,73.35,48,Math,9th grade
529,529,10/7/2022,71.13,14,Math,12th grade
530,530,9/1/2022,48.98,23,English,12th grade
531,531,8/29/2022,46.44,16,Science,12th grade
532,532,3/4/2022,41.81,10,Math,11th grade
533,533,1/23/2022,76.45,22,History,10th grade
534,534,1/18/2022,21.93,49,English,9th grade
535,535,2/9/2022,41.91,54,History,10th grade
536,536,6/23/2022,1.55,7,Math,10th grade
537,537,3/6/2022,8.98,44,Math,10th grade
538,538,2/16/2022,51.49,5,History,10th grade
539,539,3/22/2022,58.46,35,History,12th grade
540,540,1/17/2022,21.43,12,History,12th grade
541,541,10/22/2022,45.43,52,English,11th grade
542,542,9/24/2022,14.31,6,English,11th grade
543,543,3/27/2022,59.25,38,Math,10th grade
544,544,7/3/2022,17.21,49,Science,9th grade
545,545,5/19/2022,72.77,39,Math,9th grade
546,546,4/20/2022,25.17,8,English,11th grade
547,547,8/12/2022,46.45,40,Math,11th grade
548,548,11/4/2022,73.35,32,Science,10th grade
549,549,1/6/2022,3.25,44,History,9th grade
550,550,2/24/2022,12.72,55,Math,12th grade
551,551,2/14/2022,69.84,36,Math,11th grade
552,552,6/1/2022,28.14,8,History,12th grade
553,553,2/3/2022,58.44,56,History,11th grade
554,554,1/18/2022,8.68,31,English,9th grade
555,555,1/12/2022,7.32,48,Science,10th grade
556,556,11/29/2022,8.15,4,English,9th grade
557,557,4/20/2022,32.42,50,Science,12th grade
558,558,5/24/2022,50.41,13,English,10th grade
559,559,8/17/2022,59.04,46,Math,10th grade
560,560,6/29/2022,91.98,12,History,10th grade
561,561,10/16/2022,70.84,8,History,9th grade
562,562,5/23/2022,67.55,49,History,10th grade
563,563,10/18/2022,37.21,3,History,10th grade
564,564,9/1/2022,44.69,2,Math,10th grade
565,565,3/18/2022,64.35,46,English,10th grade
566,566,12/5/2022,81.47,45,English,12th grade
567,567,9/28/2022,95.59,36,Math,12th grade
568,568,6/12/2022,27.38,23,Math,11th grade
569,569,3/8/2022,27.78,39,Math,12th grade
570,570,12/2/2022,54.83,22,English,12th grade
571,571,9/4/2022,0.98,48,Math,10th grade
572,572,4/10/2022,37.57,23,History,12th grade
573,573,3/3/2022,5.45,38,Math,12th grade
574,574,5/27/2022,93.22,11,Science,11th grade
575,575,5/20/2022,38.94,17,Math,11th grade
576,576,1/30/2022,32.1,23,Math,9th grade
577,577,12/6/2022,35.73,46,English,9th grade
578,578,5/24/2022,57.04,31,History,9th grade
579,579,3/19/2022,79.76,29,Math,9th grade
580,580,10/18/2022,14.55,50,Math,9th grade
581,581,4/21/2022,64.56,8,History,10th grade
582,582,9/5/2022,86.37,54,History,9th grade
583,583,7/31/2022,53.97,7,Math,11th grade
584,584,7/29/2022,9.97,8,History,9th grade
585,585,8/22/2022,22.59,40,Math,10th grade
586,586,6/11/2022,51.06,8,Math,10th grade
587,587,5/21/2022,19.65,3,History,12th grade
588,588,1/18/2022,72.49,23,Math,10th grade
589,589,11/19/2022,87.81,6,Science,9th grade
590,590,2/23/2022,20.56,26,Math,11th grade
591,591,10/9/2022,77.35,3,History,12th grade
592,592,1/11/2022,48.18,53,Science,12th grade
593,593,7/11/2022,78.52,22,History,11th grade
594,594,5/26/2022,91.07,17,Math,11th grade
595,595,10/13/2022,39.61,10,History,9th grade
596,596,5/12/2022,99.33,45,English,12th grade
597,597,3/20/2022,67.71,42,Math,10th grade
598,598,7/4/2022,53.65,27,Science,9th grade
599,599,7/14/2022,9.09,31,English,11th grade
600,600,8/27/2022,61.5,45,Math,9th grade
601,601,3/23/2022,23.77,22,History,11th grade
602,602,1/26/2022,72.47,29,History,11th grade
603,603,6/5/2022,1.16,26,Math,11th grade
604,604,11/13/2022,88.87,46,History,9th grade
605,605,8/1/2022,38.12,28,English,9th grade
606,606,4/22/2022,28.0,17,Math,10th grade
607,607,12/11/2022,59.83,33,English,10th grade
608,608,10/20/2022,72.61,2,Math,9th grade
609,609,4/5/2022,72.72,46,Science,9th grade
610,610,3/25/2022,56.14,55,Science,9th grade
611,611,12/22/2022,50.49,22,History,10th grade
612,612,3/25/2022,69.67,26,History,11th grade
613,613,12/10/2022,8.63,27,English,9th grade
614,614,5/3/2022,25.42,42,English,11th grade
615,615,11/5/2022,14.58,40,History,9th grade
616,616,9/27/2022,56.0,36,History,11th grade
617,617,11/1/2022,53.66,51,History,9th grade
618,618,11/29/2022,34.21,25,English,9th grade
619,619,4/7/2022,62.83,26,English,11th grade
620,620,6/1/2022,82.13,36,English,12th grade
621,621,10/13/2022,95.45,18,History,11th grade
622,622,8/11/2022,79.1,30,English,12th grade
623,623,10/29/2022,47.51,52,History,10th grade
624,624,3/30/2022,28.99,2,English,12th grade
625,625,3/19/2022,28.03,60,English,10th grade
626,626,9/22/2022,91.93,11,Science,11th grade
627,627,4/25/2022,91.5,4,Math,10th grade
628,628,3/20/2022,18.73,45,Math,9th grade
629,629,4/8/2022,21.41,49,Math,9th grade
630,630,1/24/2022,97.11,45,Science,10th grade
631,631,9/20/2022,80.12,57,Science,10th grade
632,632,6/14/2022,47.34,46,Math,12th grade
633,633,11/9/2022,88.86,33,English,12th grade
634,634,3/7/2022,15.0,27,Math,10th grade
635,635,1/8/2022,97.59,14,History,12th grade
636,636,12/23/2022,94.05,8,Math,11th grade
637,637,11/25/2022,44.2,24,English,9th grade
638,638,12/2/2022,68.19,1,History,11th grade
639,639,4/15/2022,62.04,12,Math,10th grade
640,640,12/4/2022,78.59,7,English,10th grade
641,641,5/27/2022,67.99,54,Math,9th grade
642,642,3/20/2022,79.6,11,Science,10th grade
643,643,10/12/2022,7.61,4,English,9th grade
644,644,8/31/2022,93.64,59,Math,11th grade
645,645,7/2/2022,7.28,15,History,10th grade
646,646,12/12/2022,69.37,18,English,10th grade
647,647,4/13/2022,94.14,52,English,9th grade
648,648,5/10/2022,42.94,34,English,11th grade
649,649,2/22/2022,65.42,57,Math,11th grade
650,650,12/27/2022,25.27,24,Math,9th grade
651,651,3/9/2022,43.81,18,English,9th grade
652,652,1/3/2022,79.44,13,History,12th grade
653,653,8/5/2022,43.73,36,History,12th grade
654,654,9/27/2022,90.67,26,History,9th grade
655,655,2/2/2022,84.56,54,History,9th grade
656,656,7/23/2022,46.32,53,History,9th grade
657,657,10/20/2022,5.76,23,History,11th grade
658,658,9/18/2022,2.19,49,Science,12th grade
659,659,9/20/2022,77.05,46,Science,12th grade
660,660,6/25/2022,19.96,6,History,11th grade
661,661,5/19/2022,35.13,17,English,10th grade
662,662,10/1/2022,13.75,55,English,9th grade
663,663,8/23/2022,43.4,43,English,9th grade
664,664,6/14/2022,45.57,55,History,12th grade
665,665,9/13/2022,83.42,49,Math,11th grade
666,666,12/6/2022,37.9,2,Science,9th grade
667,667,9/12/2022,83.12,23,History,12th grade
668,668,12/13/2022,87.19,30,English,12th grade
669,669,5/14/2022,87.57,21,Math,10th grade
670,670,8/8/2022,68.31,11,History,12th grade
671,671,1/23/2022,42.94,59,Math,9th grade
672,672,1/15/2022,72.55,37,History,11th grade
673,673,6/12/2022,70.54,6,Math,10th grade
674,674,7/30/2022,87.95,21,History,9th grade
675,675,3/1/2022,76.47,9,Science,9th grade
676,676,8/18/2022,86.18,35,Math,10th grade
677,677,2/20/2022,66.41,53,Math,12th grade
678,678,5/2/2022,37.85,37,Math,11th grade
679,679,10/20/2022,92.3,31,Science,9th grade
680,680,1/6/2022,51.96,36,English,12th grade
681,681,11/18/2022,58.48,42,Math,11th grade
682,682,3/25/2022,28.38,38,Science,10th grade
683,683,6/1/2022,0.37,6,Science,12th grade
684,684,8/24/2022,79.07,2,History,10th grade
685,685,12/2/2022,67.66,57,English,12th grade
686,686,1/25/2022,47.56,16,Math,12th grade
687,687,7/22/2022,14.95,38,History,10th grade
688,688,3/29/2022,87.69,28,Science,11th grade
689,689,3/20/2022,95.91,43,English,10th grade
690,690,11/25/2022,69.93,10,English,12th grade
691,691,7/27/2022,91.07,11,History,9th grade
692,692,7/19/2022,11.25,23,English,11th grade
693,693,5/25/2022,37.17,26,Science,10th grade
694,694,5/2/2022,41.23,58,Science,11th grade
695,695,10/3/2022,67.16,20,English,11th grade
696,696,2/15/2022,3.3,47,Math,9th grade
697,697,10/30/2022,98.93,47,Science,10th grade
698,698,11/11/2022,46.49,37,Science,10th grade
699,699,10/6/2022,66.88,44,Math,11th grade
700,700,2/26/2022,92.66,38,History,12th grade
701,701,4/17/2022,91.41,18,English,9th grade
702,702,7/31/2022,76.96,5,Math,9th grade
703,703,4/15/2022,90.81,47,History,10th grade
704,704,11/1/2022,27.43,7,Science,9th grade
705,705,1/5/2022,45.19,50,English,9th grade
706,706,8/24/2022,42.71,42,History,11th grade
707,707,7/24/2022,14.8,35,Science,12th grade
708,708,3/25/2022,39.29,39,Science,10th grade
709,709,2/17/2022,41.06,25,Science,9th grade
710,710,7/10/2022,16.57,53,Science,11th grade
711,711,6/10/2022,50.45,15,English,12th grade
712,712,12/10/2022,21.27,18,History,11th grade
713,713,12/10/2022,7.49,12,History,10th grade
714,714,9/6/2022,2.94,20,Science,10th grade
715,715,1/17/2022,3.22,3,Math,11th grade
716,716,3/13/2022,43.8,46,Science,11th grade
717,717,10/4/2022,58.08,29,English,10th grade
718,718,11/2/2022,67.66,45,Science,10th grade
719,719,1/4/2022,9.57,44,English,10th grade
720,720,6/25/2022,36.73,7,History,10th grade
721,721,9/28/2022,32.53,30,Math,12th grade
722,722,3/1/2022,34.78,8,History,10th grade
723,723,4/24/2022,51.3,4,History,12th grade
724,724,5/25/2022,19.23,7,Math,10th grade
725,725,8/9/2022,61.73,19,English,12th grade
726,726,3/13/2022,52.2,22,Math,11th grade
727,727,7/21/2022,85.43,5,Science,10th grade
728,728,8/11/2022,27.04,10,English,9th grade
729,729,2/10/2022,2.36,52,Math,9th grade
730,730,7/30/2022,51.0,44,English,11th grade
731,731,5/3/2022,52.05,55,Science,11th grade
732,732,7/20/2022,69.78,53,Math,12th grade
733,733,2/18/2022,30.14,39,English,10th grade
734,734,8/1/2022,28.3,23,History,11th grade
735,735,6/30/2022,96.05,44,History,11th grade
736,736,11/4/2022,36.28,39,English,11th grade
737,737,5/5/2022,9.96,22,History,11th grade
738,738,8/11/2022,12.49,18,English,10th grade
739,739,2/12/2022,14.07,54,Science,10th grade
740,740,1/6/2022,67.96,56,English,11th grade
741,741,2/16/2022,56.94,51,Math,10th grade
742,742,12/16/2022,42.1,59,History,12th grade
743,743,6/26/2022,93.83,24,History,11th grade
744,744,7/2/2022,81.67,3,English,10th grade
745,745,4/28/2022,90.01,32,Math,11th grade
746,746,11/6/2022,86.92,44,History,11th grade
747,747,1/15/2022,35.7,11,Math,11th grade
748,748,8/9/2022,2.33,42,Math,11th grade
749,749,10/3/2022,4.73,50,Math,12th grade
750,750,8/24/2022,15.94,9,Science,9th grade
751,751,10/4/2022,91.33,18,Science,10th grade
752,752,1/11/2022,80.1,9,Science,10th grade
753,753,4/11/2022,10.44,3,History,10th grade
754,754,2/2/2022,86.13,3,English,11th grade
755,755,1/11/2022,95.13,4,Math,12th grade
756,756,8/14/2022,22.53,10,English,11th grade
757,757,10/11/2022,43.9,33,Science,12th grade
758,758,4/28/2022,88.0,60,Science,11th grade
759,759,1/18/2022,40.9,46,English,12th grade
760,760,1/19/2022,55.56,36,History,11th grade
761,761,4/2/2022,46.07,46,Math,11th grade
762,762,10/2/2022,75.55,36,English,12th grade
763,763,1/12/2022,69.34,40,History,11th grade
764,764,12/11/2022,35.5,28,Science,11th grade
765,765,1/3/2022,71.25,52,History,9th grade
766,766,11/7/2022,99.73,3,English,12th grade
767,767,4/22/2022,38.09,45,Science,10th grade
768,768,5/17/2022,31.08,44,English,12th grade
769,769,11/9/2022,6.82,52,Math,12th grade
770,770,10/20/2022,82.65,50,Science,9th grade
771,771,2/14/2022,40.59,24,Math,12th grade
772,772,1/9/2022,27.11,41,Math,9th grade
773,773,3/13/2022,78.11,15,Science,11th grade
774,774,2/11/2022,38.97,24,History,11th grade
775,775,1/7/2022,67.92,49,Science,12th grade
776,776,10/20/2022,87.96,18,English,9th grade
777,777,3/26/2022,59.4,53,Math,10th grade
778,778,6/10/2022,94.95,24,History,10th grade
779,779,9/7/2022,52.43,44,English,12th grade
780,780,1/29/2022,74.43,41,English,11th grade
781,781,7/8/2022,72.37,2,History,12th grade
782,782,9/27/2022,22.38,30,Science,10th grade
783,783,7/25/2022,80.55,17,Science,11th grade
784,784,7/8/2022,80.01,41,English,9th grade
785,785,7/2/2022,11.51,26,Math,10th grade
786,786,5/17/2022,33.82,38,History,11th grade
787,787,10/27/2022,89.66,53,History,9th grade
788,788,7/19/2022,8.46,9,Math,11th grade
789,789,1/18/2022,90.41,2,Math,12th grade
790,790,12/13/2022,84.71,28,Science,9th grade
791,791,5/5/2022,25.29,37,Science,11th grade
792,792,4/24/2022,85.75,38,Math,11th grade
793,793,11/4/2022,82.41,5,Math,11th grade
794,794,11/24/2022,86.64,60,English,9th grade
795,795,10/31/2022,93.02,13,Science,9th grade
796,796,10/17/2022,66.5,20,English,12th grade
797,797,4/12/2022,11.78,47,History,9th grade
798,798,10/28/2022,38.18,19,English,10th grade
799,799,6/28/2022,58.57,20,History,9th grade
800,800,12/13/2022,51.71,29,History,9th grade
801,801,8/17/2022,5.44,6,English,9th grade
802,802,6/11/2022,59.83,28,English,10th grade
803,803,2/4/2022,45.57,29,Science,9th grade
804,804,3/23/2022,79.44,48,Math,10th grade
805,805,10/19/2022,57.41,25,Math,10th grade
806,806,1/9/2022,61.67,57,English,10th grade
807,807,12/18/2022,13.76,15,Math,9th grade
808,808,12/26/2022,25.24,26,Math,11th grade
809,809,6/16/2022,28.91,40,English,9th grade
810,810,6/1/2022,58.84,5,English,11th grade
811,811,7/11/2022,89.26,21,Science,11th grade
812,812,5/19/2022,14.19,43,English,11th grade
813,813,8/13/2022,0.75,11,Math,12th grade
814,814,4/30/2022,39.01,46,Math,9th grade
815,815,7/13/2022,59.8,37,English,11th grade
816,816,4/6/2022,97.97,46,Science,11th grade
817,817,1/15/2022,79.08,14,History,11th grade
818,818,8/13/2022,19.27,31,Math,11th grade
819,819,5/10/2022,56.21,57,English,11th grade
820,820,11/17/2022,35.69,11,Science,9th grade
821,821,3/22/2022,31.96,6,Science,9th grade
822,822,10/19/2022,22.04,35,Science,12th grade
823,823,9/27/2022,58.95,10,History,11th grade
824,824,5/6/2022,88.29,53,English,12th grade
825,825,1/10/2022,99.45,30,Math,10th grade
826,826,11/1/2022,86.38,27,Science,11th grade
827,827,11/18/2022,56.62,35,Math,9th grade
828,828,3/1/2022,66.19,9,Math,10th grade
829,829,12/7/2022,76.56,44,Math,12th grade
830,830,4/10/2022,63.08,46,History,12th grade
831,831,6/23/2022,29.13,42,History,12th grade
832,832,8/28/2022,56.52,13,Science,10th grade
833,833,7/27/2022,11.01,36,History,10th grade
834,834,3/10/2022,1.41,55,English,10th grade
835,835,5/21/2022,87.74,46,Math,10th grade
836,836,7/26/2022,96.66,58,Math,12th grade
837,837,9/9/2022,31.07,37,Math,10th grade
838,838,4/17/2022,68.27,1,Science,12th grade
839,839,5/23/2022,17.63,26,Science,9th grade
840,840,8/5/2022,15.25,41,History,12th grade
841,841,4/2/2022,51.77,13,English,12th grade
842,842,6/23/2022,30.59,60,Science,11th grade
843,843,7/21/2022,74.53,51,Science,10th grade
844,844,10/3/2022,15.08,2,Math,11th grade
845,845,7/7/2022,44.45,35,Science,9th grade
846,846,7/16/2022,65.54,45,Math,10th grade
847,847,4/11/2022,1.74,57,English,9th grade
848,848,7/7/2022,80.1,27,Math,9th grade
849,849,10/21/2022,86.66,43,History,11th grade
850,850,10/1/2022,64.87,9,Math,12th grade
851,851,10/15/2022,23.2,22,English,10th grade
852,852,2/18/2022,10.44,8,Math,12th grade
853,853,3/24/2022,51.71,12,Science,10th grade
854,854,2/12/2022,82.22,57,History,11th grade
855,855,5/25/2022,94.51,24,Science,10th grade
856,856,7/28/2022,93.91,18,Math,10th grade
857,857,2/22/2022,96.34,52,History,10th grade
858,858,11/26/2022,63.18,14,English,9th grade
859,859,10/31/2022,63.74,4,English,11th grade
860,860,12/13/2022,80.87,34,English,11th grade
861,861,10/28/2022,69.75,53,History,9th grade
862,862,7/16/2022,14.0,48,English,9th grade
863,863,8/30/2022,72.94,19,Math,10th grade
864,864,11/14/2022,39.94,36,English,10th grade
865,865,6/14/2022,70.92,53,History,10th grade
866,866,7/26/2022,47.44,48,History,11th grade
867,867,4/2/2022,38.77,8,Science,10th grade
868,868,3/14/2022,76.41,13,English,12th grade
869,869,2/4/2022,41.05,41,English,11th grade
870,870,10/17/2022,63.27,14,History,11th grade
871,871,7/1/2022,23.09,4,History,10th grade
872,872,4/21/2022,99.02,25,History,12th grade
873,873,1/27/2022,14.9,33,History,12th grade
874,874,5/25/2022,89.96,60,Science,10th grade
875,875,8/7/2022,81.67,2,History,12th grade
876,876,9/11/2022,28.16,30,Science,12th grade
877,877,1/29/2022,12.7,8,Math,10th grade
878,878,4/28/2022,7.38,51,History,12th grade
879,879,9/4/2022,99.55,27,Math,12th grade
880,880,3/19/2022,0.88,1,History,12th grade
881,881,2/6/2022,67.82,6,Math,12th grade
882,882,4/27/2022,92.26,56,Math,9th grade
883,883,9/9/2022,46.13,46,Math,12th grade
884,884,4/15/2022,98.13,5,Math,9th grade
885,885,9/19/2022,94.45,46,Science,12th grade
886,886,5/30/2022,59.62,60,Math,11th grade
887,887,6/19/2022,45.33,52,History,10th grade
888,888,11/29/2022,42.57,18,English,9th grade
889,889,11/8/2022,31.74,32,English,10th grade
890,890,3/29/2022,33.37,32,Science,9th grade
891,891,7/22/2022,69.36,12,History,11th grade
892,892,2/1/2022,98.66,25,Science,11th grade
893,893,9/21/2022,5.55,58,Math,11th grade
894,894,4/5/2022,91.93,4,History,11th grade
895,895,5/21/2022,23.27,6,English,9th grade
896,896,2/13/2022,9.12,23,English,11th grade
897,897,4/17/2022,41.05,55,Science,10th grade
898,898,3/11/2022,8.97,59,History,10th grade
899,899,11/4/2022,42.02,5,Science,9th grade
900,900,8/10/2022,84.55,36,English,11th grade
901,901,12/22/2022,84.22,26,History,10th grade
902,902,5/27/2022,66.33,42,Math,11th grade
903,903,12/8/2022,68.73,28,History,11th grade
904,904,3/30/2022,55.17,10,History,9th grade
905,905,11/12/2022,93.23,50,Science,10th grade
906,906,12/11/2022,46.5,25,History,9th grade
907,907,4/29/2022,47.96,55,Science,11th grade
908,908,11/20/2022,61.1,5,Science,11th grade
909,909,5/23/2022,98.78,5,Science,10th grade
910,910,7/26/2022,16.88,45,English,11th grade
911,911,12/11/2022,47.2,20,English,11th grade
912,912,10/17/2022,83.18,5,Math,9th grade
913,913,2/13/2022,31.77,7,English,9th grade
914,914,2/4/2022,53.24,22,Math,11th grade
915,915,1/12/2022,88.59,30,Math,12th grade
916,916,3/19/2022,31.36,32,Science,11th grade
917,917,3/10/2022,64.47,22,English,9th grade
918,918,5/3/2022,38.07,50,English,12th grade
919,919,1/30/2022,69.09,1,Science,9th grade
920,920,5/2/2022,16.64,5,English,10th grade
921,921,2/21/2022,97.81,46,Science,9th grade
922,922,5/16/2022,6.93,28,Math,10th grade
923,923,6/21/2022,12.49,32,History,10th grade
924,924,1/28/2022,71.66,57,English,9th grade
925,925,11/7/2022,43.36,48,English,12th grade
926,926,6/28/2022,16.72,55,Science,9th grade
927,927,6/15/2022,14.76,44,Math,10th grade
928,928,2/18/2022,20.01,36,History,11th grade
929,929,6/2/2022,22.26,59,English,12th grade
930,930,10/11/2022,57.8,16,English,12th grade
931,931,8/28/2022,51.04,6,Math,12th grade
932,932,10/21/2022,81.23,49,Math,10th grade
933,933,8/12/2022,99.85,5,Math,12th grade
934,934,8/30/2022,68.22,23,English,9th grade
935,935,7/25/2022,54.98,55,English,9th grade
936,936,9/2/2022,8.21,3,English,12th grade
937,937,7/3/2022,4.64,50,Math,9th grade
938,938,12/2/2022,2.58,35,History,9th grade
939,939,9/17/2022,48.94,50,History,9th grade
940,940,9/21/2022,16.72,10,Science,12th grade
941,941,1/11/2022,84.29,13,Math,9th grade
942,942,3/20/2022,0.28,37,English,11th grade
943,943,10/24/2022,17.71,24,Math,9th grade
944,944,7/9/2022,89.79,30,Science,11th grade
945,945,10/8/2022,91.64,46,History,9th grade
946,946,6/7/2022,20.83,29,English,10th grade
947,947,4/19/2022,82.41,40,History,10th grade
948,948,6/17/2022,98.68,20,History,12th grade
949,949,7/11/2022,78.72,43,Science,9th grade
950,950,10/27/2022,12.51,7,Math,11th grade
951,951,5/13/2022,71.94,28,Math,11th grade
952,952,5/30/2022,75.0,33,History,11th grade
953,953,10/5/2022,90.65,27,History,10th grade
954,954,1/12/2022,57.55,47,Science,9th grade
955,955,3/18/2022,39.91,44,English,11th grade
956,956,3/2/2022,23.9,55,History,11th grade
957,957,7/31/2022,27.27,50,Math,10th grade
958,958,3/25/2022,70.33,3,Math,12th grade
959,959,6/12/2022,7.76,11,Math,11th grade
960,960,11/9/2022,56.35,1,History,11th grade
961,961,11/15/2022,60.6,8,History,11th grade
962,962,12/25/2022,25.66,15,Math,9th grade
963,963,1/19/2022,72.75,41,Science,11th grade
964,964,4/2/2022,75.02,27,Math,10th grade
965,965,7/21/2022,90.01,45,Math,11th grade
966,966,12/13/2022,86.55,14,History,12th grade
967,967,3/12/2022,3.54,10,History,12th grade
968,968,2/21/2022,20.02,10,Math,10th grade
969,969,4/21/2022,91.75,55,English,9th grade
970,970,8/19/2022,78.92,57,Math,9th grade
971,971,5/29/2022,68.23,15,English,10th grade
972,972,2/5/2022,20.5,40,English,10th grade
973,973,9/3/2022,65.44,37,English,11th grade
974,974,2/23/2022,89.9,33,History,11th grade
975,975,6/8/2022,95.1,35,Math,10th grade
976,976,1/31/2022,0.17,43,History,10th grade
977,977,3/25/2022,8.74,8,History,9th grade
978,978,5/8/2022,18.11,27,English,11th grade
979,979,8/5/2022,32.01,52,English,11th grade
980,980,2/4/2022,12.01,29,English,9th grade
981,981,4/4/2022,92.35,57,Math,12th grade
982,982,6/29/2022,19.76,8,Math,9th grade
983,983,12/18/2022,42.11,44,English,9th grade
984,984,8/20/2022,38.3,32,English,11th grade
985,985,3/27/2022,32.68,37,Science,9th grade
986,986,5/23/2022,38.35,32,Math,10th grade
987,987,9/26/2022,23.42,39,English,10th grade
988,988,12/10/2022,19.13,5,English,9th grade
989,989,3/17/2022,96.27,20,English,12th grade
990,990,8/9/2022,71.33,57,History,12th grade
991,991,6/14/2022,64.91,54,History,9th grade
992,992,9/8/2022,58.06,47,History,9th grade
993,993,3/12/2022,13.97,54,History,11th grade
994,994,9/20/2022,53.02,50,English,11th grade
995,995,2/27/2022,56.88,8,Science,9th grade
996,996,12/5/2022,67.14,12,English,9th grade
997,997,2/3/2022,91.86,8,English,12th grade
998,998,3/27/2022,10.93,25,Math,11th grade
999,999,7/28/2022,20.5,11,History,11th grade
1000,1000,10/23/2022,75.02,52,History,11th grade
